,City,Country,Lat,Lng,Max Temp,Humidity,Cloudiness,Wind Speed,Current Description
0,Cabo San Lucas,MX,22.8909,-109.9124,77.5,44,20,0.0,few clouds
1,Lorengau,PG,-2.0226,147.2712,77.47,87,100,8.1,overcast clouds
2,Faanui,PF,-16.4833,-151.75,81.0,73,74,15.05,broken clouds
3,Rikitea,PF,-23.1203,-134.9692,76.75,73,57,2.95,light rain
4,Tiksi,RU,71.6872,128.8694,-12.28,98,100,9.26,overcast clouds
5,Shingu,JP,33.7333,135.9833,39.79,76,6,6.78,clear sky
6,Saskylakh,RU,71.9167,114.0833,-7.87,90,100,17.25,overcast clouds
7,Klaksvik,FO,62.2266,-6.589,34.72,58,54,19.35,broken clouds
8,Victoria,HK,22.2855,114.1577,60.33,70,24,8.99,few clouds
9,Thompson,CA,55.7435,-97.8558,3.36,78,100,8.05,light snow
10,Upernavik,GL,72.7868,-56.1549,1.54,92,100,12.3,light snow
11,Barrow,US,71.2906,-156.7887,-5.78,77,100,19.57,haze
12,Dali,CN,25.7,100.1833,38.91,81,5,3.09,clear sky
13,Ribeira Grande,PT,38.5167,-28.7,63.77,88,75,26.46,broken clouds
14,Ushuaia,AR,-54.8,-68.3,44.26,87,75,17.27,moderate rain
15,Hobart,AU,-42.8794,147.3294,49.86,87,40,0.0,scattered clouds
16,Camacha,PT,33.0833,-16.3333,63.82,77,20,2.3,few clouds
17,Aklavik,CA,68.2191,-135.0107,-9.4,77,100,5.75,overcast clouds
18,Airai,TL,-8.9266,125.4092,60.6,96,100,3.71,light rain
19,Pangnirtung,CA,66.1451,-65.7125,-2.2,92,100,3.44,light snow
20,Mendoza,AR,-32.8908,-68.8272,87.33,22,0,8.05,clear sky
21,Busselton,AU,-33.65,115.3333,59.83,83,0,12.71,clear sky
22,Manbij,SY,36.5281,37.9549,48.0,57,5,5.59,clear sky
23,Shenzhen,CN,22.5455,114.0683,60.22,79,20,8.16,few clouds
24,Rawson,AR,-43.3002,-65.1023,71.37,43,53,13.69,broken clouds
25,Alofi,NU,-19.0595,-169.9187,78.69,89,97,4.61,light rain
26,Atuona,PF,-9.8,-139.0333,77.65,75,7,13.8,clear sky
27,Fort Nelson,CA,58.8053,-122.7002,-2.61,78,40,0.0,scattered clouds
28,Jos,NG,9.9167,8.9,68.95,20,3,8.48,clear sky
29,De Aar,ZA,-30.6497,24.0123,71.4,35,0,22.39,clear sky
30,New Norfolk,AU,-42.7826,147.0587,49.5,97,0,1.97,clear sky
31,Butaritari,KI,3.0707,172.7902,80.56,75,46,12.12,scattered clouds
32,Jamestown,US,42.097,-79.2353,47.79,65,100,14.97,overcast clouds
33,Kudahuvadhoo,MV,2.6708,72.8944,80.89,73,41,8.75,scattered clouds
34,Te Anau,NZ,-45.4167,167.7167,49.5,94,98,3.76,overcast clouds
35,Castro,BR,-24.7911,-50.0119,78.64,48,5,7.72,clear sky
36,Basco,PH,20.4487,121.9702,72.48,81,100,23.8,overcast clouds
37,Lavrentiya,RU,65.5833,-171.0,-9.69,87,61,8.48,broken clouds
38,Bluff,NZ,-46.6,168.3333,52.97,69,32,11.61,scattered clouds
39,Visnes,NO,59.3556,5.2242,44.65,81,75,21.85,light rain
40,Vanavara,RU,60.34,102.2797,-14.39,93,100,6.46,overcast clouds
41,Havre-Saint-Pierre,CA,50.2334,-63.5986,17.6,68,58,8.14,broken clouds
42,Banda Aceh,ID,5.5577,95.3222,76.57,82,63,7.61,broken clouds
43,Buraydah,SA,26.326,43.975,54.05,37,0,8.86,clear sky
44,Le Port,RE,-20.9373,55.2919,78.8,77,67,1.5,broken clouds
45,Coahuayana,MX,18.7333,-103.6833,84.67,33,24,3.18,few clouds
46,Kruisfontein,ZA,-34.0033,24.7314,63.88,60,100,15.28,overcast clouds
47,Bredasdorp,ZA,-34.5322,20.0403,63.59,46,12,13.47,few clouds
48,Pisco,PE,-13.7,-76.2167,75.25,64,0,6.91,clear sky
49,Tasiilaq,GL,65.6145,-37.6368,6.96,56,50,3.6,scattered clouds
50,Punta Arenas,CL,-53.15,-70.9167,53.71,54,40,25.32,scattered clouds
51,Natitingou,BJ,10.3042,1.3796,87.31,13,15,6.87,few clouds
52,Hilo,US,19.7297,-155.09,71.26,82,100,5.01,overcast clouds
53,Mataura,NZ,-46.1927,168.8643,47.77,98,86,2.53,overcast clouds
54,Ucluelet,CA,48.9329,-125.5528,43.11,91,100,1.01,light rain
55,Kaitangata,NZ,-46.2817,169.8464,49.84,94,96,6.24,overcast clouds
56,Manzil Salim,TN,35.8567,8.4765,54.57,35,99,1.74,overcast clouds
57,Leningradskiy,RU,69.3833,178.4167,-19.77,94,100,9.04,overcast clouds
58,Salalah,OM,17.0151,54.0924,77.09,27,0,11.5,clear sky
59,Tres Arroyos,AR,-38.3739,-60.2798,89.35,15,3,12.12,clear sky
60,Andenes,NO,69.3143,16.1194,35.58,44,75,31.07,broken clouds
61,Chuy,UY,-33.6971,-53.4616,74.25,37,8,15.7,clear sky
62,Colares,PT,38.7992,-9.4469,63.34,92,20,11.5,few clouds
63,Komsomolsk,UA,49.0097,33.6455,38.19,79,100,11.79,overcast clouds
64,Alto Paraguai,BR,-14.5136,-56.4825,79.86,76,99,5.06,overcast clouds
65,Albany,US,42.6001,-73.9662,45.63,57,97,4.27,overcast clouds
66,Hermanus,ZA,-34.4187,19.2345,64.8,55,2,17.4,clear sky
67,Tuktoyaktuk,CA,69.4541,-133.0374,-5.8,77,100,9.22,light snow
68,Vao,NC,-22.6667,167.4833,78.06,89,96,18.72,overcast clouds
69,Mar Del Plata,AR,-38.0023,-57.5575,84.83,60,0,14.0,clear sky
70,Vaini,TO,-21.2,-175.2,73.56,94,75,8.05,moderate rain
71,Georgetown,MY,5.4112,100.3354,79.9,76,20,3.44,few clouds
72,Santa Marta,CO,11.2408,-74.199,86.05,74,20,5.75,few clouds
73,Port Lincoln,AU,-34.7333,135.8667,57.67,72,2,12.84,clear sky
74,Nabire,ID,-3.3667,135.4833,75.45,91,100,1.61,overcast clouds
75,Bethel,US,41.3712,-73.414,50.09,49,0,14.97,clear sky
76,Wanning,CN,18.8003,110.3967,61.92,83,80,11.86,broken clouds
77,Port-Cartier,CA,50.0334,-66.8654,14.76,72,100,2.93,overcast clouds
78,Les Cayes,HT,18.2,-73.75,84.52,55,0,7.87,clear sky
79,Dover,US,39.1582,-75.5244,53.62,53,0,11.5,clear sky
80,Anadyr,RU,64.75,177.4833,-17.9,69,0,22.37,clear sky
81,Komsomolskiy,UZ,40.4272,71.7189,36.32,69,100,9.22,haze
82,Husavik,IS,66.0449,-17.3389,20.1,67,100,11.16,light snow
83,Whitehorse,CA,60.7161,-135.0538,7.57,83,75,8.05,broken clouds
84,Mathathane,BW,-22.2687,28.7495,90.03,24,82,8.43,broken clouds
85,Cherskiy,RU,68.75,161.3,-42.92,100,93,3.87,overcast clouds
86,Kolyshley,RU,52.7005,44.5367,25.39,94,100,7.23,overcast clouds
87,Grindavik,IS,63.8424,-22.4338,21.67,73,40,13.8,scattered clouds
88,Caravelas,BR,-17.7125,-39.2481,84.92,62,83,10.65,broken clouds
89,Mount Gambier,AU,-37.8333,140.7667,49.73,86,90,4.74,overcast clouds
90,Lagoa,PT,39.05,-27.9833,62.33,82,100,34.49,overcast clouds
91,Saldanha,ZA,-33.0117,17.9442,68.05,64,0,33.08,clear sky
92,Tabou,CI,4.423,-7.3528,82.96,67,25,9.6,scattered clouds
93,Hithadhoo,MV,-0.6,73.0833,80.69,69,42,1.77,scattered clouds
94,Kapaa,US,22.0752,-159.319,70.12,78,75,5.75,broken clouds
95,Puerto Ayora,EC,-0.7393,-90.3518,78.76,97,40,5.99,scattered clouds
96,Glasgow,GB,55.8652,-4.2576,42.51,81,20,17.27,few clouds
97,Saint-Georges,GD,12.0564,-61.7485,82.08,78,40,18.41,light intensity shower rain
98,Torbay,CA,47.6666,-52.7314,23.29,69,75,21.85,light shower snow
99,Nuuk,GL,64.1835,-51.7216,21.81,73,75,13.8,broken clouds
100,Tual,ID,-5.6667,132.75,83.66,75,100,19.89,light rain
101,Mosetse,BW,-20.75,26.65,84.27,16,70,10.56,broken clouds
102,Porto Novo,BJ,6.4965,2.6036,84.02,68,71,7.49,broken clouds
103,Bud,US,39.447,-86.1758,57.06,75,100,16.62,overcast clouds
104,Garowe,SO,8.4054,48.4845,71.94,65,50,20.62,scattered clouds
105,Mahebourg,MU,-20.4081,57.7,79.09,73,40,3.44,scattered clouds
106,Nanortalik,GL,60.1432,-45.2371,22.86,76,8,2.21,clear sky
107,Arraial Do Cabo,BR,-22.9661,-42.0278,78.76,83,75,12.66,broken clouds
108,Bafra,TR,41.5678,35.9069,48.81,75,16,6.64,few clouds
109,Dakar,SN,14.6937,-17.4441,79.68,77,100,5.14,light rain
110,Tessalit,ML,20.1986,1.0114,70.0,14,100,12.03,overcast clouds
111,San Cristobal,VE,7.7669,-72.225,69.98,47,35,1.14,scattered clouds
112,Rocky Mountain House,CA,52.3668,-114.9188,6.91,92,77,0.0,broken clouds
113,Port Alfred,ZA,-33.5906,26.891,65.17,77,84,3.0,broken clouds
114,Nara,JP,34.6851,135.8049,42.49,69,23,4.29,few clouds
115,Carnarvon,AU,-24.8667,113.6333,79.09,62,13,18.28,light rain
116,Padang,ID,-0.9492,100.3543,71.65,83,96,3.67,overcast clouds
117,Turka,UA,49.1541,23.0297,35.8,75,97,13.29,overcast clouds
118,Porto Torres,IT,40.835,8.3972,59.18,78,73,11.25,broken clouds
119,Atasu,KZ,48.6814,71.6433,17.76,96,100,7.27,overcast clouds
120,Byron Bay,AU,-28.65,153.6167,68.94,89,96,10.2,overcast clouds
121,Vung Tau,VN,10.346,107.0843,75.97,79,100,5.61,overcast clouds
122,Kavieng,PG,-2.5744,150.7967,79.88,78,99,5.77,moderate rain
123,Lovozero,RU,68.005,35.0117,3.7,98,12,5.64,few clouds
124,Guilin,CN,25.2819,110.2864,41.11,79,81,5.46,broken clouds
125,Maningrida,AU,-12.0667,134.2667,78.49,88,98,16.33,moderate rain
126,Paamiut,GL,61.994,-49.6678,12.72,63,0,7.67,clear sky
127,Kayerkan,RU,69.3497,87.7602,-21.32,95,12,3.4,few clouds
128,Bambous Virieux,MU,-20.3428,57.7575,79.05,73,40,3.44,scattered clouds
129,Sao Filipe,CV,14.8961,-24.4956,72.5,66,9,10.6,clear sky
130,Tilichiki,RU,60.4667,166.1,-13.65,98,100,12.66,overcast clouds
131,Avarua,CK,-21.2078,-159.775,77.05,94,75,4.61,shower rain
132,College,US,64.8569,-147.8028,6.58,83,75,0.0,broken clouds
133,Soyo,AO,-6.1349,12.3689,80.89,78,86,9.19,overcast clouds
134,Daru,PG,-9.0763,143.2092,76.64,89,100,5.82,overcast clouds
135,Miranda,CO,3.2499,-76.2281,80.73,59,78,2.86,broken clouds
136,Xai-Xai,MZ,-25.0519,33.6442,77.13,71,82,13.31,broken clouds
137,Caxito,AO,-8.5785,13.6643,78.08,76,88,5.97,overcast clouds
138,Boende,CD,-0.2167,20.8667,77.9,54,52,2.39,broken clouds
139,Sarangani,PH,5.4033,125.4636,80.74,79,95,3.74,overcast clouds
140,Vestmanna,FO,62.1564,-7.1664,32.92,75,75,9.22,light snow
141,Goderich,CA,43.7501,-81.7165,44.92,70,74,19.57,broken clouds
142,Kaeo,NZ,-35.1,173.7833,60.33,93,18,3.2,few clouds
143,Nacala,MZ,-14.5428,40.6728,78.49,80,22,4.92,few clouds
144,Sumkino,RU,58.1108,68.3244,-15.61,100,72,2.62,broken clouds
145,Bintulu,MY,3.1667,113.0333,75.61,94,20,5.01,few clouds
146,Nizhniy Odes,RU,63.6445,54.856,-10.55,100,100,4.68,overcast clouds
147,Sioux Lookout,CA,50.1001,-91.917,21.27,93,100,2.3,mist
148,Port Hawkesbury,CA,45.6169,-61.3485,31.87,74,20,11.01,few clouds
149,Sitka,US,57.0531,-135.33,42.69,52,100,8.05,overcast clouds
150,Dunedin,NZ,-45.8742,170.5036,50.41,90,100,9.17,overcast clouds
151,Pevek,RU,69.7008,170.3133,-12.23,98,100,9.69,overcast clouds
152,Lebu,CL,-37.6167,-73.65,61.95,65,5,22.68,clear sky
153,Nikolskoye,RU,59.7035,30.7861,28.29,94,91,8.77,overcast clouds
154,Srednekolymsk,RU,67.45,153.6833,-38.72,100,82,2.84,broken clouds
155,Chapais,CA,49.7834,-74.8492,19.18,97,100,9.4,snow
156,Brewster,US,41.3973,-73.6171,50.32,53,0,14.97,clear sky
157,Balagansk,RU,54.0103,103.0544,5.77,96,100,4.56,overcast clouds
158,Yellowknife,CA,62.456,-114.3525,5.52,92,100,10.36,light snow
159,Luce,FR,48.4369,1.4636,45.9,85,69,4.0,broken clouds
160,Cape Town,ZA,-33.9258,18.4232,68.27,55,20,25.32,few clouds
161,Monrovia,LR,6.3005,-10.7969,81.84,71,65,11.12,broken clouds
162,Terni,IT,42.6833,12.3167,48.06,86,49,6.98,scattered clouds
163,Lompoc,US,34.6391,-120.4579,55.78,88,100,4.61,overcast clouds
164,Alamos,MX,27.0167,-108.9333,72.5,28,89,2.55,overcast clouds
165,Sobolevo,RU,54.4299,31.8996,32.38,98,100,8.32,light snow
166,Linhares,BR,-19.3911,-40.0722,88.07,57,70,7.09,broken clouds
167,Avera,US,33.194,-82.5271,63.37,63,6,5.57,clear sky
168,Touros,BR,-5.1989,-35.4608,84.85,61,16,15.43,few clouds
169,Fairbanks,US,64.8378,-147.7164,6.6,83,75,0.0,broken clouds
170,Olafsvik,IS,64.8945,-23.7142,24.57,58,94,19.95,overcast clouds
171,Xining,CN,36.6167,101.7667,17.2,32,0,1.28,clear sky
172,Khatanga,RU,71.9667,102.5,-26.61,99,95,7.36,overcast clouds
173,Kloulklubed,PW,7.0419,134.2556,75.7,82,95,10.18,overcast clouds
174,Zuwarah,LY,32.9312,12.082,64.99,40,37,3.78,scattered clouds
175,Salumbar,IN,24.1333,74.05,65.8,28,3,2.46,clear sky
176,Isangel,VU,-19.55,169.2667,80.42,88,100,23.24,heavy intensity rain
177,Severo-Kurilsk,RU,50.6789,156.125,27.05,82,100,7.54,light snow
178,Bahia Blanca,AR,-38.7196,-62.2724,95.29,10,5,1.99,clear sky
179,Aksu,CN,41.1231,80.2644,18.52,55,26,1.88,scattered clouds
180,Divnogorsk,RU,55.9594,92.3619,3.69,100,90,2.89,overcast clouds
181,Nome,US,64.5011,-165.4064,-3.93,84,0,4.61,clear sky
182,Moosomin,CA,50.1333,-101.6677,1.98,92,77,8.86,broken clouds
183,Provideniya,RU,64.3833,-173.3,-8.79,83,54,9.48,broken clouds
184,Port Blair,IN,11.6667,92.75,75.24,83,40,2.3,mist
185,Bitkine,TD,11.9801,18.2138,73.44,20,1,7.99,clear sky
186,Axim,GH,4.8699,-2.2405,81.5,73,72,8.57,broken clouds
187,Warrnambool,AU,-38.3833,142.4833,54.57,85,100,4.36,overcast clouds
188,Namatanai,PG,-3.6667,152.4333,78.21,82,92,4.25,light rain
189,Forrest City,US,35.0081,-90.7898,58.44,88,100,19.01,overcast clouds
190,Qaanaaq,GL,77.484,-69.3632,-23.91,84,96,5.03,overcast clouds
191,Port Hardy,CA,50.6996,-127.4199,41.18,87,75,26.46,light rain
192,Shellbrook,CA,53.2168,-106.4011,-1.17,95,95,3.49,overcast clouds
193,Kampot,KH,10.6167,104.1833,68.05,70,98,5.55,overcast clouds
194,Los Llanos De Aridane,ES,28.6585,-17.9182,70.12,44,0,11.01,clear sky
195,Saint-Francois,FR,46.4154,3.9054,47.68,81,100,4.61,overcast clouds
196,Maceio,BR,-9.6658,-35.7353,89.04,55,40,11.5,scattered clouds
197,Beyneu,KZ,45.3167,55.2,30.52,93,99,9.93,overcast clouds
198,Altamira,BR,-3.2033,-52.2064,84.29,74,75,5.75,broken clouds
199,Collie,AU,-33.3667,116.15,59.32,71,0,7.29,clear sky
200,Hof,DE,50.3167,11.9167,47.75,85,75,18.99,moderate rain
201,Barmer,IN,25.75,71.3833,68.88,59,11,4.27,few clouds
202,Mehamn,NO,71.0357,27.8492,26.51,73,100,35.68,overcast clouds
203,Ballina,AU,-28.8667,153.5667,69.01,99,96,10.22,overcast clouds
204,Menongue,AO,-14.6585,17.691,74.55,42,100,6.91,overcast clouds
205,Pacific Grove,US,36.6177,-121.9166,51.1,91,100,5.01,overcast clouds
206,Rudnogorsk,RU,57.2639,103.7519,5.18,90,100,9.82,overcast clouds
207,Jiwani,PK,25.05,61.7417,71.49,45,1,12.01,clear sky
208,Alexandria,EG,31.2156,29.9553,64.36,68,40,5.75,scattered clouds
209,Melivoia,GR,39.75,22.8,43.18,90,32,2.35,scattered clouds
210,Egvekinot,RU,66.3167,-179.1667,-16.1,87,44,10.6,scattered clouds
211,Road Town,VG,18.4167,-64.6167,86.09,70,40,16.11,scattered clouds
212,Valdivia,CL,-39.8142,-73.2459,73.49,25,5,6.71,clear sky
213,Rocha,UY,-34.4833,-54.3333,75.43,30,6,14.41,clear sky
214,Kletskaya,RU,49.3145,43.0584,30.63,90,77,10.92,broken clouds
215,Bubaque,GW,11.2833,-15.8333,77.74,71,98,17.58,overcast clouds
216,Nouadhibou,MR,20.931,-17.0347,75.18,60,40,6.91,scattered clouds
217,Tazovskiy,RU,67.4667,78.7,-25.49,98,18,4.38,few clouds
218,Vila Velha,BR,-20.3297,-40.2925,87.75,72,20,18.41,few clouds
219,East London,ZA,-33.0153,27.9116,67.14,68,75,14.97,broken clouds
220,Yerbogachen,RU,61.2767,108.0108,-26.1,97,66,5.97,broken clouds
221,Kemri,IN,28.8167,79.2167,58.66,47,48,3.96,scattered clouds
222,Dutlwe,BW,-23.9833,23.9,82.02,37,64,3.8,light rain
223,Makakilo City,US,21.3469,-158.0858,69.98,85,0,4.61,clear sky
224,Bac Lieu,VN,9.285,105.7244,74.5,75,100,3.78,overcast clouds
225,Mae Chan,TH,20.1467,99.8526,67.66,98,97,1.88,overcast clouds
226,Faya,SA,18.3851,42.4509,55.51,79,24,4.45,few clouds
227,Pemangkat,ID,1.1667,108.9667,78.35,77,100,11.5,overcast clouds
228,Saint-Pierre,RE,-21.3393,55.4781,78.48,73,20,9.22,few clouds
229,Chokurdakh,RU,70.6333,147.9167,-33.83,100,99,5.35,overcast clouds
230,Kurchum,KZ,48.5722,83.6542,15.62,95,100,3.24,overcast clouds
231,Olutanga,PH,7.3106,122.8464,80.22,78,99,2.73,heavy intensity rain
232,Ibirama,BR,-27.0569,-49.5178,94.32,28,0,1.86,clear sky
233,North Platte,US,41.1239,-100.7654,33.39,97,100,8.01,snow
234,Omaruru,NA,-21.4333,15.9333,85.55,27,47,13.44,scattered clouds
235,Cayenne,GF,4.9333,-52.3333,86.04,62,75,9.22,broken clouds
236,Misratah,LY,32.3754,15.0925,65.12,49,3,6.55,clear sky
237,Marystown,CA,47.1666,-55.1483,26.38,56,38,20.09,scattered clouds
238,Lardos,GR,36.0942,28.0157,58.95,74,27,2.51,scattered clouds
239,Laguna,US,38.421,-121.4238,49.01,95,100,10.36,overcast clouds
240,Constitucion,CL,-35.3333,-72.4167,71.6,48,1,7.9,clear sky
241,Tsagan Aman,RU,47.5639,46.7218,32.92,77,91,10.22,overcast clouds
242,Dikson,RU,73.5069,80.5464,-17.86,100,84,13.22,broken clouds
243,Sao Domingos,BR,-13.3983,-46.3183,80.44,67,81,1.77,light rain
244,Kemijarvi,FI,66.7131,27.4306,11.8,95,100,7.27,overcast clouds
245,Brae,GB,60.3964,-1.353,42.21,64,100,19.51,overcast clouds
246,Umm Lajj,SA,25.0213,37.2685,73.8,37,0,6.35,clear sky
247,Clyde River,CA,70.4692,-68.5914,-21.77,76,0,11.5,clear sky
248,Vardo,NO,70.3705,31.1107,21.18,86,40,34.52,scattered clouds
249,Talnakh,RU,69.4865,88.3972,-22.59,97,26,5.06,scattered clouds
250,Ponta Do Sol,PT,32.6667,-17.1,69.01,78,3,4.07,clear sky
251,Quthing,LS,-30.4,27.7003,63.23,77,100,4.88,light rain
252,Yulara,AU,-25.2406,130.9889,77.11,49,100,17.4,overcast clouds
253,Port Elizabeth,ZA,-33.918,25.5701,66.49,55,20,18.41,light rain
254,Codrington,AU,-38.2667,141.9667,51.06,85,100,3.31,overcast clouds
255,Tuatapere,NZ,-46.1333,167.6833,50.99,77,46,6.29,scattered clouds
256,Ilulissat,GL,69.2167,-51.1,12.22,73,75,17.27,light snow
257,Tamiahua,MX,21.2667,-97.45,76.59,63,67,3.36,broken clouds
258,Hofn,IS,64.2539,-15.2082,21.22,45,20,27.63,few clouds
259,Abha,SA,18.2164,42.5053,55.22,82,20,4.61,few clouds
260,Zyryanka,RU,65.75,150.85,-41.26,100,85,4.03,overcast clouds
261,Bayir,TR,37.2687,28.2167,45.12,82,43,1.79,scattered clouds
262,Doha,QA,25.2867,51.5333,66.18,52,0,17.27,clear sky
263,Plettenberg Bay,ZA,-34.0527,23.3716,61.68,62,93,9.31,overcast clouds
264,Synya,RU,65.3718,58.0387,-17.48,100,100,1.72,overcast clouds
265,Takoradi,GH,4.8845,-1.7554,81.27,73,60,8.12,broken clouds
266,Carberry,CA,49.8689,-99.3602,5.23,92,99,8.46,overcast clouds
267,Knysna,ZA,-34.0363,23.0471,62.13,63,91,7.29,overcast clouds
268,Mao,ES,39.8885,4.2658,61.36,82,0,13.8,clear sky
269,Peterhead,GB,57.5058,-1.7981,39.6,87,77,23.71,light rain
270,Gadwal,IN,16.2333,77.8,78.62,51,62,7.05,broken clouds
271,Tansen,NP,27.8673,83.5467,41.77,73,0,4.63,clear sky
272,Bone,DE,51.9669,12.1396,51.89,77,99,13.67,overcast clouds
273,Hambantota,LK,6.1241,81.1185,75.31,86,7,13.2,clear sky
274,Santiago Del Estero,AR,-27.7951,-64.2615,85.35,39,77,6.33,broken clouds
275,Lucea,JM,18.451,-78.1736,83.86,67,2,15.93,clear sky
276,Dzilam Gonzalez,MX,21.2833,-88.9333,84.96,55,64,8.08,broken clouds
277,Ust-Ilimsk,RU,58.0006,102.6619,6.55,94,100,8.93,light snow
278,Juneau,US,58.3019,-134.4197,33.22,100,75,0.0,fog
279,Sechura,PE,-5.5569,-80.8222,82.11,55,23,10.74,few clouds
280,Bua Yai,TH,15.5855,102.4259,68.0,61,95,14.38,overcast clouds
281,Trelew,AR,-43.249,-65.3051,73.67,35,20,14.97,haze
282,Cockburn Town,TC,21.4612,-71.1419,78.96,76,3,16.96,clear sky
283,Santa Cruz Cabralia,BR,-16.2781,-39.0247,84.43,70,40,17.27,scattered clouds
284,Shelburne,CA,44.0787,-80.2041,46.85,88,100,17.27,overcast clouds
285,Sterling,US,39.0062,-77.4286,53.53,47,0,3.44,clear sky
286,Tadine,NC,-21.55,167.8833,78.58,86,99,18.66,overcast clouds
287,Saint George,US,37.1041,-113.5841,34.39,80,100,0.0,overcast clouds
288,Ghanzi,BW,-21.5667,21.7833,88.25,24,86,10.42,overcast clouds
289,Comodoro Rivadavia,AR,-45.8667,-67.5,76.86,19,0,13.8,clear sky
290,Pareora,NZ,-44.4871,171.2132,56.17,83,100,17.13,overcast clouds
291,Saint-Philippe,RE,-21.3585,55.7679,76.59,79,48,5.12,scattered clouds
292,Mana,GF,5.6592,-53.7767,80.2,71,100,2.86,overcast clouds
293,Ankang,CN,32.68,109.0172,38.77,60,8,1.23,clear sky
294,Saint Anthony,US,45.0205,-93.218,37.11,87,40,4.61,light rain
295,San Patricio,US,28.017,-97.5169,74.07,68,60,17.31,broken clouds
296,Makokou,GA,0.5738,12.8642,78.69,59,100,1.52,overcast clouds
297,Eureka,US,40.8021,-124.1637,54.21,83,100,8.01,overcast clouds
298,Ukiah,US,39.1502,-123.2078,48.15,96,100,0.0,overcast clouds
299,Gat,IL,31.61,34.7642,59.4,65,0,3.09,clear sky
300,Mackay,AU,-21.15,149.2,68.68,81,50,5.28,scattered clouds
301,Bathsheba,BB,13.2167,-59.5167,83.01,74,20,21.85,light rain
302,Esperance,AU,-33.8667,121.9,61.07,75,0,13.96,clear sky
303,Kizukuri,JP,40.8061,140.3861,32.52,73,100,14.27,light snow
304,Mount Pleasant,US,32.7941,-79.8626,68.0,50,0,8.05,clear sky
305,Bairiki,KI,1.3292,172.9752,80.6,83,40,9.22,scattered clouds
306,Teya,RU,60.3778,92.6267,-13.81,100,99,2.66,overcast clouds
307,Nishihara,JP,26.1842,127.7558,62.65,97,100,12.66,light intensity shower rain
308,Terenos,BR,-20.4422,-54.8603,87.51,54,75,8.05,broken clouds
309,Cap Malheureux,MU,-19.9842,57.6142,77.47,70,34,1.01,scattered clouds
310,Port Keats,AU,-14.25,129.55,78.98,92,100,14.52,heavy intensity rain
311,Marawi,PH,7.9986,124.2928,68.04,94,74,2.35,broken clouds
312,Souillac,MU,-20.5167,57.5167,79.18,73,40,3.44,scattered clouds
313,Sao Borja,BR,-28.6606,-56.0044,90.95,16,61,8.46,broken clouds
314,Wainwright,CA,52.839,-110.8572,1.85,96,95,3.62,overcast clouds
315,Barra,BR,-11.0894,-43.1417,86.07,48,43,2.89,scattered clouds
316,Lokachi,UA,50.737,24.6494,40.75,76,94,14.12,overcast clouds
317,Presidencia Roque Saenz Pena,AR,-26.7852,-60.4388,97.84,18,69,5.88,broken clouds
318,Gaogou,CN,34.0175,119.1886,32.31,38,100,3.98,overcast clouds
319,Coquimbo,CL,-29.9533,-71.3436,62.33,88,100,10.36,overcast clouds
320,Alihe,CN,50.5667,123.7167,-12.71,96,29,3.51,scattered clouds
321,Grand Gaube,MU,-20.0064,57.6608,79.2,70,26,1.01,scattered clouds
322,Fortuna,US,40.5982,-124.1573,53.94,86,100,21.85,overcast clouds
323,Terralba,IT,39.7192,8.6392,57.38,71,78,2.21,broken clouds
324,Merke,KZ,42.8728,73.1786,32.36,87,100,2.68,overcast clouds
325,Maragogi,BR,-9.0122,-35.2225,80.92,73,77,9.53,broken clouds
326,Itarema,BR,-2.9248,-39.9167,86.31,59,20,14.85,few clouds
327,Porto Tolle,IT,44.9497,12.3245,49.42,93,94,4.7,overcast clouds
328,Najran,SA,17.4924,44.1277,56.05,46,10,6.08,clear sky
329,Mayo,US,38.8876,-76.5119,54.34,53,0,5.75,clear sky
330,Rio Gallegos,AR,-51.6226,-69.2181,60.85,29,40,47.18,scattered clouds
331,Talaya,RU,61.3833,152.75,-34.96,100,100,0.47,overcast clouds
332,Narsaq,GL,60.9167,-46.05,7.02,61,0,8.01,clear sky
333,Itaiba,BR,-8.9475,-37.4228,91.98,28,25,12.03,scattered clouds
334,Katsuura,JP,35.1333,140.3,46.65,60,36,14.81,scattered clouds
335,Ginda,IN,30.6945,78.4932,41.81,71,22,5.64,few clouds
336,Batagay-Alyta,RU,67.8006,130.4114,-17.81,98,100,2.66,overcast clouds
337,Caconda,AO,-13.7333,15.0667,66.97,66,100,5.55,overcast clouds
338,Beringovskiy,RU,63.05,179.3167,-13.74,89,94,13.94,overcast clouds
339,Vavuniya,LK,8.7514,80.4971,69.57,96,50,3.06,scattered clouds
340,Durres,AL,41.3231,19.4414,46.58,73,33,3.31,scattered clouds
341,Assare,BR,-6.8744,-39.875,92.05,32,59,4.47,broken clouds
342,Aswan,EG,24.0934,32.907,67.3,39,0,6.91,clear sky
343,Korla,CN,41.7597,86.1469,15.87,65,32,1.19,scattered clouds
344,Baruun-Urt,MN,46.6806,113.2792,1.9,82,3,14.74,clear sky
345,Lira,UG,2.235,32.9097,77.02,39,97,4.97,overcast clouds
346,De-Kastri,RU,51.4667,140.7833,-5.4,99,74,6.73,broken clouds
347,Aripuana,BR,-9.1667,-60.6333,89.47,54,96,2.46,overcast clouds
348,Hyeres,FR,43.1167,6.1167,57.67,90,20,5.75,few clouds
349,Owando,CG,-0.4819,15.8999,77.99,53,95,2.98,overcast clouds
350,Cururupu,BR,-1.8283,-44.8683,83.32,70,79,5.97,broken clouds
351,Norman Wells,CA,65.282,-126.8329,-18.36,76,75,3.44,broken clouds
352,Yazoo City,US,32.8551,-90.4056,66.9,72,90,16.35,overcast clouds
353,West Wendover,US,40.7391,-114.0733,25.81,74,0,4.61,clear sky
354,Anloga,GH,5.7947,0.8973,81.48,70,60,10.92,broken clouds
355,Hobe Sound,US,27.0595,-80.1364,79.99,64,40,11.5,scattered clouds
356,Sangerhausen,DE,51.4667,11.3,49.55,78,46,14.25,scattered clouds
357,Nouakchott,MR,18.0858,-15.9785,71.96,66,70,4.99,broken clouds
358,Bardiyah,LY,31.7561,25.0865,62.69,75,2,9.42,clear sky
359,Redlands,US,34.0556,-117.1825,54.27,89,100,1.01,overcast clouds
360,Grand Forks,US,47.9417,-97.4337,17.33,86,100,16.11,mist
361,Ranau,MY,5.9538,116.6641,67.39,95,100,2.46,overcast clouds
362,Saint-Joseph,RE,-21.3667,55.6167,75.58,80,42,5.17,scattered clouds
363,Shahr-E Kord,IR,32.3256,50.8644,22.77,74,0,6.91,clear sky
364,Japura,ID,-0.3167,102.35,72.64,98,84,2.46,broken clouds
365,Ajaccio,FR,42.0,8.9167,48.25,82,0,8.05,clear sky
366,Colonia,DE,50.9333,6.95,50.86,74,20,6.91,few clouds
367,Chicama,PE,-7.8447,-79.1469,68.54,59,59,11.54,broken clouds
368,Torquay,GB,50.4638,-3.5143,45.93,90,54,5.99,broken clouds
369,Salmas,IR,38.1973,44.7653,31.6,75,11,1.25,few clouds
370,Bengkulu,ID,-3.8004,102.2655,74.21,85,100,5.97,overcast clouds
371,Kuliyapitiya,LK,7.4688,80.0401,74.88,93,75,3.56,broken clouds
372,Qasigiannguit,GL,68.8193,-51.1922,12.45,96,100,4.76,light snow
373,La Ronge,CA,55.1001,-105.2842,-16.35,69,75,0.0,light snow
374,Moengo,SR,5.6167,-54.4,77.16,79,100,3.44,overcast clouds
375,Longyearbyen,SJ,78.2186,15.6401,22.84,86,40,8.05,light snow
376,Sakakah,SA,29.9697,40.2064,54.97,58,0,7.85,clear sky
377,Bilibino,RU,68.0546,166.4372,-28.66,99,99,2.64,overcast clouds
378,Vitre,FR,48.1178,-1.2058,46.22,93,80,7.85,broken clouds
379,Sonaguera,HN,15.6333,-86.3333,84.15,50,18,2.98,few clouds
380,Aktash,RU,50.3,87.7333,4.91,93,100,4.18,overcast clouds
381,Segou,ML,13.4317,-6.2157,82.85,14,92,9.24,overcast clouds
382,Yar-Sale,RU,66.8333,70.8333,-25.28,100,64,3.49,broken clouds
383,Luwuk,ID,-0.9516,122.7875,77.67,84,100,4.23,overcast clouds
384,Kisangani,CD,0.5167,25.2,78.21,60,91,2.53,overcast clouds
385,Karratha,AU,-20.7377,116.8463,88.86,42,73,17.83,broken clouds
386,Beloha,MG,-25.1667,45.05,79.88,67,33,4.36,scattered clouds
387,El Tigre,VE,8.8875,-64.2454,87.69,42,23,10.8,few clouds
388,Muyezerskiy,RU,63.9333,31.65,8.82,100,100,4.52,overcast clouds
389,Qinzhou,CN,21.95,108.6167,52.48,54,100,13.18,overcast clouds
390,Belaya Gora,RU,68.5333,146.4167,-15.36,98,100,7.81,overcast clouds
391,Labuhan,ID,-6.8844,112.2051,77.74,88,100,14.88,light rain
392,San Juan,AR,-31.5375,-68.5364,92.23,15,0,10.98,clear sky
393,Teguldet,RU,57.3064,88.1667,-17.97,100,98,1.97,overcast clouds
394,Rosarito,MX,32.3333,-117.0333,57.13,70,100,4.47,overcast clouds
395,Ulladulla,AU,-35.35,150.4667,61.23,86,98,3.8,light rain
396,San Quintin,MX,30.4833,-115.95,60.55,75,97,9.08,overcast clouds
397,Mossendjo,CG,-2.9506,12.7261,72.23,94,99,2.51,overcast clouds
398,Mount Isa,AU,-20.7333,139.5,76.77,83,75,4.61,broken clouds
399,Tarija,BO,-21.5355,-64.7296,69.71,56,75,4.61,broken clouds
400,Cacequi,BR,-29.8836,-54.825,91.96,12,0,12.33,clear sky
401,Maneadero,MX,31.7167,-116.5667,57.09,85,100,1.99,overcast clouds
402,Boca Do Acre,BR,-8.7522,-67.3978,83.21,66,78,6.38,broken clouds
403,Urucara,BR,-2.5364,-57.76,76.77,93,67,6.11,light rain
404,Sao Raimundo Das Mangabeiras,BR,-7.0219,-45.4811,88.09,51,43,5.28,scattered clouds
405,Banjar,ID,-8.19,114.9675,75.78,92,100,1.07,overcast clouds
406,Kiama,AU,-34.6833,150.8667,65.37,92,100,3.18,light rain
407,Koumac,NC,-20.5667,164.2833,77.72,87,99,7.67,overcast clouds
408,Wattwil,CH,47.3023,9.0876,49.28,87,94,5.01,overcast clouds
409,Orkney,ZA,-26.9802,26.6727,65.1,79,93,5.73,light rain
410,Manoel Urbano,BR,-8.8389,-69.2597,82.38,70,98,5.23,overcast clouds
411,Geraldton,AU,-28.7667,114.6,61.21,88,0,3.44,clear sky
412,Oranjestad,AW,12.524,-70.027,84.15,65,40,19.57,scattered clouds
413,Tiarei,PF,-17.5333,-149.3333,82.42,76,63,16.46,broken clouds
414,Morden,CA,49.1919,-98.1014,17.44,92,95,6.91,overcast clouds
415,Irbit,RU,57.6705,63.071,-8.03,100,42,2.01,scattered clouds
416,Nikolayevsk-Na-Amure,RU,53.1406,140.73,-10.5,99,76,4.09,broken clouds
417,Oktyabrskoye,RU,43.0645,44.7417,23.14,86,83,2.24,broken clouds
418,Nicoya,CR,10.1483,-85.452,86.63,54,66,6.87,broken clouds
419,Christchurch,NZ,-43.5333,172.6333,59.92,86,100,18.41,mist
420,Trincomalee,LK,8.5711,81.2335,78.55,74,59,9.73,broken clouds
421,Cidreira,BR,-30.1811,-50.2056,75.13,53,20,18.37,few clouds
422,Tuy Hoa,VN,13.0833,109.3,70.77,92,100,14.16,overcast clouds
423,Varhaug,NO,58.6147,5.6457,44.15,83,100,18.88,light rain
424,Amberley,US,39.2048,-84.428,54.16,66,100,11.5,overcast clouds
425,Porto De Moz,BR,-1.7483,-52.2383,72.82,97,98,3.31,overcast clouds
426,Oyama,JP,36.3,139.8,45.59,55,8,4.41,clear sky
427,Valera,VE,9.3178,-70.6036,80.19,71,59,3.6,broken clouds
428,Stokmarknes,NO,68.5646,14.9108,33.78,69,75,18.41,light snow
429,Kodiak,US,57.79,-152.4072,38.71,93,100,32.21,moderate rain
430,Villa Corzo,MX,16.1667,-93.25,84.0,45,1,0.4,clear sky
431,Sayyan,YE,15.1718,44.3244,52.56,61,45,7.29,scattered clouds
432,Jalu,LY,29.0331,21.5482,59.56,67,0,4.18,clear sky
433,Kieta,PG,-6.2167,155.6333,77.5,82,100,2.82,overcast clouds
434,Apodi,BR,-5.6642,-37.7989,92.52,37,56,9.84,broken clouds
435,Sao Joao Da Barra,BR,-21.6403,-41.0511,87.89,83,78,10.22,broken clouds
436,Te Karaka,NZ,-38.4654,177.8679,60.6,93,25,2.15,scattered clouds
437,Chishtian Mandi,PK,29.8,72.8667,55.71,61,39,9.55,scattered clouds
438,Sikasso,ML,10.9167,-7.0,87.55,16,17,5.17,few clouds
439,Bonthe,SL,7.5264,-12.505,82.54,69,60,10.71,broken clouds
440,Svetlogorsk,BY,52.6333,29.7333,33.69,90,100,8.81,overcast clouds
441,Umm Kaddadah,SD,13.6017,26.6876,63.23,23,0,12.97,clear sky
442,Teberda,RU,43.4456,41.7448,23.56,56,50,4.45,scattered clouds
443,Bording,DK,56.1465,9.2753,44.98,87,75,18.41,broken clouds
444,Paita,PE,-5.0892,-81.1144,76.68,67,60,10.92,broken clouds
445,La Plata,AR,-34.9215,-57.9545,87.04,22,11,1.72,few clouds
446,Bichura,RU,50.5881,107.6022,-5.51,93,84,1.7,broken clouds
447,Kovdor,RU,67.5662,30.4758,-3.57,100,99,4.09,overcast clouds
448,Progreso,MX,21.2833,-89.6667,83.1,68,83,7.7,broken clouds
449,Sigli,ID,5.3848,95.9609,77.09,81,91,0.47,overcast clouds
450,Hasaki,JP,35.7333,140.8333,36.28,50,46,14.36,scattered clouds
451,Riviere-Au-Renard,CA,48.9957,-64.3971,19.69,69,100,1.68,overcast clouds
452,Pierre,US,44.3683,-100.351,26.85,69,0,18.99,clear sky
453,Robertsport,LR,6.7533,-11.3686,82.09,75,50,12.3,scattered clouds
454,Funadhoo,MV,6.15,73.2667,81.48,78,34,16.51,scattered clouds
455,Portland,US,45.5234,-122.6762,44.47,94,100,13.8,overcast clouds
456,Archidona,ES,37.0965,-4.3887,55.96,63,54,3.85,broken clouds
457,Sorong,ID,-0.8833,131.25,80.15,82,100,13.98,overcast clouds
458,Burdur,TR,37.7203,30.2908,39.9,70,0,6.91,clear sky
459,Korampallam,IN,8.7667,78.1,77.52,80,64,10.71,broken clouds
460,Kahului,US,20.8947,-156.47,74.84,82,0,7.0,clear sky
461,Reconquista,AR,-29.15,-59.65,93.56,18,0,6.42,clear sky
462,Lakes Entrance,AU,-37.8811,147.981,56.16,89,9,6.71,clear sky
463,Aloleng,PH,16.1307,119.7824,78.39,78,99,10.4,overcast clouds
464,Aller,ES,43.1187,-5.5839,44.2,96,100,3.24,light rain
465,Kintinku,TZ,-5.8833,35.2333,74.25,64,92,6.73,overcast clouds
466,Kenai,US,60.5544,-151.2583,26.65,86,0,14.97,clear sky
467,Chipata,ZM,-13.6333,32.65,64.18,93,100,3.65,overcast clouds
468,Zhangye,CN,38.9342,100.4517,18.0,39,0,3.94,clear sky
469,Sawtell,AU,-30.3833,153.1,68.18,88,100,4.61,overcast clouds
470,Changji,CN,44.0167,87.3167,-3.21,84,24,2.24,mist
471,Ketchikan,US,55.3422,-131.6461,39.67,75,100,8.05,overcast clouds
472,Coria,ES,39.9879,-6.5377,56.44,92,100,13.13,overcast clouds
473,Escanaba,US,45.7453,-87.0646,40.96,99,100,6.91,overcast clouds
474,Ancud,CL,-41.8697,-73.8203,60.28,71,70,10.49,broken clouds
475,Acapulco,MX,16.8634,-99.8901,85.82,54,75,3.44,broken clouds
476,Defiance,US,41.3334,-84.45,52.14,71,100,14.97,overcast clouds
477,Vila Franca Do Campo,PT,37.7167,-25.4333,63.01,93,100,17.45,overcast clouds
478,Namibe,AO,-15.1961,12.1522,71.85,78,79,7.52,broken clouds
479,Shambu,ET,9.5667,37.1,55.29,75,88,1.43,light rain
480,Akim Swedru,GH,5.8938,-1.0164,83.44,48,83,6.98,broken clouds
481,Erice,IT,38.037,12.5865,50.47,88,20,9.22,few clouds
482,Rokytne,UA,51.2796,27.214,37.67,70,97,10.58,overcast clouds
483,Bonaventure,CA,48.0457,-65.4926,21.78,68,100,4.61,overcast clouds
484,Pangai,TO,-19.8,-174.35,79.0,80,96,6.2,moderate rain
485,Mezhdurechensk,RU,53.6942,88.0603,8.89,97,100,2.1,light snow
486,Da Lat,VN,11.9465,108.4419,54.81,96,99,3.65,overcast clouds
487,Port Hedland,AU,-20.3167,118.5667,87.85,40,100,10.36,overcast clouds
488,Sistranda,NO,63.7256,8.834,39.16,68,100,11.61,light rain
489,Barabai,ID,-2.5833,115.3833,74.03,95,100,1.83,overcast clouds
490,Yaan,NG,7.3833,8.5667,83.8,18,18,6.15,few clouds
491,Khandbari,NP,27.3747,87.2039,52.09,80,81,1.45,broken clouds
492,Berlevag,NO,70.8578,29.0864,26.55,59,75,48.34,broken clouds
493,Murgab,TM,37.4966,61.9714,40.87,75,0,4.61,clear sky
494,Puerto Escondido,MX,15.85,-97.0667,85.03,65,0,8.05,clear sky
495,Sumbe,AO,-11.2061,13.8437,77.83,79,100,4.76,overcast clouds
496,Robstown,US,27.7903,-97.6689,74.95,84,100,17.27,overcast clouds
497,Kinablangan,PH,7.6947,126.5503,77.0,87,82,3.91,broken clouds
498,Anahuac,MX,27.2333,-100.15,69.31,41,98,12.06,overcast clouds
499,Boffa,GN,10.1667,-14.0333,80.51,52,91,8.55,overcast clouds
500,Tatawin,TN,32.9297,10.4518,59.81,36,66,6.24,broken clouds
501,Griffith,US,41.5284,-87.4237,55.04,85,100,19.57,overcast clouds
502,Slave Lake,CA,55.2834,-114.769,8.58,85,100,6.91,overcast clouds
503,Omboue,GA,-1.5746,9.2618,78.76,84,94,4.29,light rain
504,Inhambane,MZ,-23.865,35.3833,80.58,78,20,7.0,few clouds
505,Lithakia,GR,37.7167,20.8333,54.68,94,40,0.0,scattered clouds
506,Alvik,SE,60.7477,14.8746,34.54,100,100,6.31,overcast clouds
507,Glace Bay,CA,46.1969,-59.957,32.58,69,75,12.66,broken clouds
508,Dongli,CN,23.5656,116.8194,53.58,71,25,4.47,scattered clouds
509,Victor Harbor,AU,-35.5667,138.6167,61.0,76,3,10.38,clear sky
510,Kulhudhuffushi,MV,6.6221,73.07,81.3,78,42,17.25,scattered clouds
511,Soto La Marina,MX,23.7667,-98.2167,81.43,45,6,2.24,clear sky
512,Adeje,ES,28.1227,-16.726,72.7,43,20,16.11,few clouds
513,Da Nang,VN,16.0678,108.2208,66.18,88,75,6.91,broken clouds
514,Bogalusa,US,30.791,-89.8487,73.0,73,75,4.61,broken clouds
515,Molochnoye,RU,59.2917,39.6787,-7.37,100,97,0.63,overcast clouds
516,Tombouctou,ML,20.0,-3.0,73.87,18,81,12.21,broken clouds
517,San Ignacio,BZ,17.1561,-89.0714,82.54,69,40,4.61,scattered clouds
518,Ylivieska,FI,64.0833,24.55,22.87,89,100,14.54,overcast clouds
519,Tomatlan,MX,19.9333,-105.25,87.28,23,0,4.99,clear sky
520,Alta Floresta,BR,-9.8756,-56.0861,79.99,80,91,1.68,overcast clouds
521,Leninsk,RU,48.7119,45.1994,30.2,87,88,7.31,overcast clouds
522,Muros,ES,42.7762,-9.0603,57.09,94,100,8.66,overcast clouds
523,Tambura,SS,5.6,27.4667,78.13,28,100,4.74,overcast clouds
524,Santa Fe,AR,-31.6333,-60.7,94.01,25,0,4.0,light rain
525,San Luis,AR,-33.295,-66.3356,85.96,13,0,3.49,clear sky
526,Iquique,CL,-20.2208,-70.1431,73.44,68,60,7.25,broken clouds
527,Tsabong,BW,-26.0217,22.401,75.52,55,90,18.41,light rain
528,Lufilufi,WS,-13.8745,-171.5986,74.98,76,46,13.22,light rain
529,Hit,IQ,33.6416,42.8251,55.22,61,2,3.78,clear sky
530,Matagami,CA,49.7502,-77.6328,30.31,100,100,5.75,snow
531,Kolyvan,RU,55.3053,82.7391,-18.42,100,100,3.0,overcast clouds
532,Terrace,CA,54.5163,-128.6035,30.11,93,100,21.85,light snow
533,Krasnoselkup,RU,65.7,82.4667,-17.72,100,95,4.27,overcast clouds
534,Huntington,US,38.4193,-82.4452,59.31,47,20,10.36,few clouds
535,Amga,RU,60.8953,131.9608,-16.87,100,98,2.28,overcast clouds
536,Puerto Quijarro,BO,-17.7833,-57.7667,93.49,47,99,3.58,overcast clouds
537,Camopi,GF,3.1655,-52.3158,72.64,89,100,1.32,overcast clouds
538,Palmer,US,42.1584,-72.3287,51.17,43,40,5.75,scattered clouds
539,Biak,ID,-0.9131,122.8766,76.39,84,100,4.43,overcast clouds
540,Marrakesh,MA,31.6315,-8.0083,73.47,21,0,2.3,clear sky
541,Tommot,RU,58.9564,126.2925,-6.56,99,88,1.3,light snow
542,Alyangula,AU,-13.8483,136.4192,81.21,81,100,18.34,overcast clouds
543,Capinzal,BR,-27.3436,-51.6119,85.32,32,8,7.25,clear sky
544,Valle De Allende,MX,26.9333,-105.4,56.17,31,100,9.24,overcast clouds
545,Inuvik,CA,68.3499,-133.7218,-6.59,81,100,4.61,light snow
546,Listvyanka,RU,51.8535,104.8693,12.92,94,98,8.95,light snow
547,Larap,PH,14.299,122.6504,76.51,96,52,5.99,broken clouds
548,Kidal,ML,18.4411,1.4078,72.43,14,99,13.02,overcast clouds
549,Cerritos,US,33.8583,-118.0648,58.98,88,100,8.05,overcast clouds
550,Solnechnyy,RU,50.7214,136.6319,-6.0,98,54,3.89,broken clouds
551,San Jose,US,37.3394,-121.895,53.01,83,100,17.27,overcast clouds
552,Pilar,BR,-9.5972,-35.9567,87.73,55,20,11.74,few clouds
553,Muncar,ID,-8.4333,114.3333,75.2,91,100,3.22,overcast clouds
554,Lasa,IT,46.6166,10.7002,40.08,96,87,3.11,overcast clouds
555,Rio Grande,BR,-32.035,-52.0986,72.82,46,0,16.44,clear sky
556,Drumheller,CA,51.4617,-112.7101,22.84,85,100,2.3,overcast clouds
557,Bismarck,US,46.8083,-100.7837,15.66,77,100,8.05,overcast clouds
558,Susanville,US,40.4163,-120.653,35.82,94,100,5.99,overcast clouds
559,Barsovo,RU,61.1667,73.1667,-3.87,99,93,5.66,overcast clouds
560,Ahuimanu,US,21.4447,-157.8378,71.17,86,20,3.44,few clouds
561,Abu Samrah,SY,35.3029,37.1841,51.06,78,6,7.78,clear sky
562,Puerto Baquerizo Moreno,EC,-0.9,-89.6,77.99,69,75,13.8,broken clouds
563,Jibuti,DJ,11.5,42.5,71.94,69,16,19.82,few clouds
564,Pitimbu,BR,-7.4706,-34.8086,88.39,69,98,11.63,overcast clouds
565,Poum,NC,-20.2333,164.0167,80.01,80,98,14.43,overcast clouds
566,Eganville,CA,45.5334,-77.0994,36.63,100,98,6.89,overcast clouds
567,Nantucket,US,41.2835,-70.0995,51.94,71,0,10.36,clear sky
568,Nevelsk,RU,46.6733,141.8633,22.44,67,100,15.77,overcast clouds
569,Sitrah,BH,26.1547,50.6206,66.2,52,0,12.66,clear sky
570,Lodhikheda,IN,21.5833,78.8333,64.11,44,0,3.71,clear sky
571,Acari,PE,-15.4311,-74.6158,79.14,65,93,11.1,overcast clouds
572,Buala,SB,-8.145,159.5921,79.34,81,99,4.03,overcast clouds
573,Cairns,AU,-16.9167,145.7667,75.15,97,100,2.3,light rain
574,Dingle,PH,10.9995,122.6711,74.14,94,55,5.19,broken clouds
575,Maraba,BR,-5.3686,-49.1178,91.58,66,40,2.3,moderate rain
576,Campos Altos,BR,-19.6961,-46.1714,69.31,91,100,4.85,light rain
577,Boa Vista,BR,2.8197,-60.6733,85.98,58,75,9.22,broken clouds
578,Mareeba,AU,-17.0,145.4333,70.52,97,100,1.19,light rain
579,Shitanjing,CN,39.2342,106.3439,12.54,40,0,1.95,clear sky
580,Diamantina,BR,-18.2494,-43.6003,75.94,56,71,4.12,broken clouds
581,Adrar,MR,20.5022,-10.0711,75.52,28,87,20.22,overcast clouds
582,Broome,US,42.2506,-75.833,50.16,55,0,9.22,clear sky
583,Lockhart,US,28.6194,-81.4426,78.1,66,0,9.22,clear sky
584,Kerman,IR,30.2832,57.0788,35.46,64,0,0.0,clear sky
585,Manjacaze,MZ,-24.7117,33.8828,78.78,58,90,11.56,overcast clouds
586,Comarapa,BO,-17.9,-64.4833,59.59,90,96,2.04,overcast clouds
587,Baiao,BR,-2.7906,-49.6717,72.03,99,100,0.98,overcast clouds
588,Butembo,CD,0.15,29.2833,59.68,83,99,2.48,overcast clouds
589,Asuncion Nochixtlan,MX,17.4667,-97.2333,67.8,35,30,3.87,scattered clouds
590,Pundaguitan,PH,6.3711,126.1689,80.51,79,50,5.37,scattered clouds
591,Constantine,DZ,36.365,6.6147,49.41,61,0,0.0,clear sky
592,Bucerias,MX,20.75,-105.3333,81.99,47,23,2.48,few clouds
593,Sept-Iles,CA,50.2001,-66.3821,16.05,70,100,5.75,overcast clouds
594,Terpsithea,GR,39.6167,22.3667,51.35,83,3,2.35,clear sky
595,Landerneau,FR,48.4525,-4.2525,48.96,84,0,10.36,clear sky
596,Olinda,BR,-8.0089,-34.8553,83.93,61,20,10.36,few clouds
597,Roela,EE,59.1667,26.5926,31.84,98,100,11.3,light snow
598,Sol-Iletsk,RU,51.1631,54.9918,23.32,96,100,10.31,light snow
599,Shieli,KZ,44.1667,66.75,31.14,83,90,4.83,overcast clouds
600,Iqaluit,CA,63.7506,-68.5145,1.13,77,100,20.71,light snow
601,Asau,RO,46.4333,26.4,33.28,60,90,7.18,overcast clouds
602,Raudeberg,NO,61.9875,5.1352,41.67,1,100,20.89,light rain
603,Havre,FR,49.5833,0.3333,47.97,76,75,13.8,broken clouds
604,Gigmoto,PH,13.7796,124.39,78.73,90,72,5.84,broken clouds
605,Rabo De Peixe,PT,37.8,-25.5833,62.11,94,75,16.11,light rain
606,Hanting,CN,36.7708,119.2108,24.76,38,0,2.98,clear sky
607,Garden City,US,42.3256,-83.331,50.94,79,100,17.27,overcast clouds
608,Batemans Bay,AU,-35.7167,150.1833,59.59,91,94,3.98,overcast clouds
609,Pimenta Bueno,BR,-11.6725,-61.1936,77.47,93,100,1.59,heavy intensity rain
610,Kirillov,RU,59.863,38.3813,-3.37,100,91,2.19,overcast clouds
611,Dickinson,US,29.4608,-95.0513,80.02,76,75,19.57,broken clouds
612,Henties Bay,NA,-22.116,14.2845,63.79,84,0,7.58,clear sky
613,Gambela,ET,8.25,34.5833,82.83,47,84,2.57,broken clouds
614,Ichalkaranji,IN,16.7,74.4667,72.57,49,1,0.6,clear sky
615,Luderitz,NA,-26.6481,15.1594,69.85,53,0,35.84,clear sky
616,Batagay,RU,67.6333,134.6333,-19.43,98,100,3.2,overcast clouds
617,Shache,CN,38.4167,77.2406,25.66,39,100,2.17,overcast clouds
618,Bang Saphan,TH,11.2126,99.5117,69.4,78,100,4.52,overcast clouds
619,Astoria,US,46.1879,-123.8313,43.93,93,100,10.36,mist
620,Kanniyakumari,IN,8.0833,77.5667,78.28,79,59,15.41,broken clouds
621,Champerico,GT,14.3,-91.9167,88.34,63,10,5.7,clear sky
622,Nova Olimpia,BR,-14.7972,-57.2881,75.69,93,100,1.63,moderate rain
623,Killybegs,IE,54.6333,-8.45,40.71,72,58,11.68,broken clouds
624,Pabna,BD,24.0,89.25,60.4,38,9,4.16,clear sky
625,Deming,US,32.2687,-107.7586,42.69,75,0,3.44,clear sky
626,San Pedro Buenavista,MX,16.0833,-93.1167,84.02,46,0,1.68,clear sky
627,Degollado,MX,20.467,-102.1498,65.77,27,1,7.65,clear sky
628,Dhidhdhoo,MV,6.8833,73.1,81.3,77,46,16.96,scattered clouds
629,Ostrovnoy,RU,68.0531,39.5131,17.17,93,33,13.0,scattered clouds
630,Okha,RU,53.5739,142.9478,-4.22,92,72,16.82,broken clouds
631,Marfino,RU,55.7028,37.3822,30.15,100,100,6.71,mist
632,Nieuw Amsterdam,SR,5.8833,-55.0833,86.16,70,40,0.0,scattered clouds
633,Kousseri,CM,12.0769,15.0306,76.96,18,26,6.91,scattered clouds
634,Shangzhi,CN,45.2167,127.9667,-7.64,100,28,4.88,scattered clouds
635,Cap-Aux-Meules,CA,47.3821,-61.8597,28.45,64,75,11.5,broken clouds
636,Kargasok,RU,59.0556,80.8572,7.39,95,99,7.49,light snow
637,Homer,US,59.6425,-151.5483,37.29,70,40,9.22,scattered clouds
638,Aykino,RU,62.2248,49.9922,10.9,95,100,6.02,light snow
639,Matara,LK,5.9485,80.5353,73.58,88,22,10.67,few clouds
640,Katobu,ID,-4.9408,122.5276,77.14,84,100,7.87,light rain
641,Lincoln,US,40.8,-96.667,48.16,75,0,16.11,clear sky
642,Bandarbeyla,SO,9.4942,50.8122,77.45,74,54,21.54,broken clouds
643,Zhigansk,RU,66.7697,123.3711,-26.52,96,93,11.45,overcast clouds
644,Praia Da Vitoria,PT,38.7333,-27.0667,64.65,77,40,17.58,scattered clouds
645,Zhigalovo,RU,54.8097,105.1578,-1.89,100,99,3.94,overcast clouds
646,Along,IN,28.1667,94.7667,47.77,69,1,1.83,clear sky
647,Elizabeth City,US,36.2946,-76.2511,60.04,44,0,5.01,clear sky
648,Vostok,RU,46.4856,135.8833,-6.25,98,100,4.52,overcast clouds
649,Pangody,RU,65.85,74.4859,-25.69,100,51,5.23,broken clouds
650,Tempio Pausania,IT,40.8974,9.1035,49.12,72,77,4.61,broken clouds
651,Kabo,CF,7.6994,18.629,77.49,20,91,5.68,overcast clouds
652,Sorland,NO,67.667,12.6934,39.06,64,100,25.81,overcast clouds
653,Yaring,TH,6.8662,101.3689,73.92,75,98,2.06,overcast clouds
654,Lake Havasu City,US,34.4839,-114.3224,60.22,74,100,12.66,overcast clouds
655,Cuiluan,CN,47.72,128.648,-9.54,99,38,3.8,scattered clouds
656,Auki,SB,-8.7676,160.7034,76.33,86,99,3.89,overcast clouds
657,Mae Sai,TH,20.4335,99.8762,60.39,99,93,1.34,overcast clouds
658,Susangerd,IR,31.5608,48.1831,56.62,54,0,8.28,clear sky
659,Areosa,PT,41.7178,-8.8571,56.73,97,100,8.68,light rain
660,Godhra,IN,22.75,73.6333,68.49,31,18,3.85,few clouds
661,Gallipoli,TR,40.4103,26.6708,49.59,84,0,4.47,clear sky
662,Chulman,RU,56.8479,124.9104,-12.66,99,100,1.52,overcast clouds
663,Oksfjord,NO,70.2396,22.3479,33.98,70,100,21.25,overcast clouds
664,Christiana,ZA,-27.914,25.1611,71.4,53,95,8.25,light rain
665,Guerrero Negro,MX,27.9769,-114.0611,64.0,76,100,7.31,overcast clouds
666,Kungurtug,RU,50.5994,97.5228,-8.01,97,80,1.86,broken clouds
667,Wau,SS,7.7029,27.9953,78.24,25,37,4.94,scattered clouds
668,Khuzhir,RU,53.1939,107.3397,18.54,84,100,8.5,overcast clouds
669,Lata,PT,40.1629,-8.3327,61.07,93,100,11.5,overcast clouds
670,Tautira,PF,-17.7333,-149.15,80.26,76,62,15.03,broken clouds
671,Sokoni,TZ,-6.4333,39.55,82.26,76,71,10.51,broken clouds
672,Odweyne,SO,9.4092,45.064,67.01,65,5,14.97,clear sky
673,Quang Ngai,VN,15.1167,108.8,70.0,88,99,11.1,overcast clouds
674,Ahipara,NZ,-35.1667,173.1667,61.27,93,8,3.53,clear sky
675,Olean,US,42.0776,-78.4297,50.58,84,23,11.99,few clouds
676,Gizo,SB,-8.103,156.8419,81.19,70,100,6.11,overcast clouds
677,Urusha,RU,54.05,122.9,-2.81,92,100,2.08,overcast clouds
678,Santa Rosa,PH,14.3122,121.1114,76.98,94,100,5.53,overcast clouds
679,Baker City,US,44.7749,-117.8344,34.59,84,100,6.33,overcast clouds
680,Nyurba,RU,63.2842,118.3319,-14.33,95,100,7.81,overcast clouds
681,Harper,LR,4.375,-7.7169,81.25,73,71,8.32,broken clouds
682,Havoysund,NO,70.9963,24.6622,23.23,52,100,35.16,overcast clouds
683,Viedma,AR,-40.8135,-62.9967,85.69,19,2,13.89,clear sky
684,Jardim,BR,-21.4803,-56.1381,96.55,30,93,1.21,overcast clouds
685,Moundsville,US,39.9203,-80.7431,58.15,61,23,9.82,few clouds
686,Kalat,PK,29.0225,66.5916,35.17,79,49,9.84,scattered clouds
687,Cabedelo,BR,-6.9811,-34.8339,88.47,68,100,13.53,overcast clouds
688,Evanston,US,42.0411,-87.6901,55.63,85,99,5.99,overcast clouds
689,Gallup,US,35.5281,-108.7426,34.56,87,68,1.01,broken clouds
690,Fort Frances,CA,48.5999,-93.4003,30.16,67,100,3.98,overcast clouds
691,Vestmannaeyjar,IS,63.4427,-20.2734,20.39,68,0,19.57,clear sky
692,Nador,MA,35.174,-2.9287,66.27,48,0,10.36,clear sky
693,Raisinghnagar,IN,29.5358,73.4492,52.9,74,4,10.76,clear sky
694,Jutai,BR,-5.1833,-68.9,73.85,97,100,2.59,overcast clouds
695,Coihaique,CL,-45.5752,-72.0662,65.01,42,75,9.22,broken clouds
696,Pittsfield,US,42.4501,-73.2454,49.42,62,0,4.61,clear sky
697,Jalpan,MX,21.2333,-99.4833,81.97,24,2,0.78,clear sky
698,Businga,CD,3.3333,20.8833,76.15,42,100,1.9,overcast clouds
699,Samarai,PG,-10.6167,150.6667,79.93,81,100,7.72,overcast clouds
700,Nemuro,JP,43.3236,145.575,28.9,67,32,25.97,scattered clouds
701,Tigil,RU,57.8,158.6667,-12.51,100,100,3.02,overcast clouds
702,Merauke,ID,-8.4667,140.3333,76.62,92,100,8.88,overcast clouds
703,Bitung,ID,1.4451,125.1824,77.85,83,100,7.9,overcast clouds
